<?xml version="1.0" encoding="UTF-8"?>
<project-private xmlns="http://www.netbeans.org/ns/project-private/1">
    <editor-bookmarks xmlns="http://www.netbeans.org/ns/editor-bookmarks/2" lastBookmarkId="0"/>
    <open-files xmlns="http://www.netbeans.org/ns/projectui-open-files/2">
        <group>
            <file>file:/C:/Users/gabri/OneDrive/Documentos/NetBeansProjects/Insigth/src/br/com/camada/DAO/QuestaoDAO.java</file>
            <file>file:/C:/Users/gabri/OneDrive/Documentos/NetBeansProjects/Insigth/src/br/com/camada/controller/Usuario.java</file>
            <file>file:/C:/Users/gabri/OneDrive/Documentos/NetBeansProjects/Insigth/src/br/com/camada/view/TelaLogin.java</file>
            <file>file:/C:/Users/gabri/OneDrive/Documentos/NetBeansProjects/Insigth/src/br/com/camada/view/TelaDePerfil.java</file>
            <file>file:/C:/Users/gabri/OneDrive/Documentos/NetBeansProjects/Insigth/src/br/com/camada/view/TelaDeMateria.java</file>
            <file>file:/C:/Users/gabri/OneDrive/Documentos/NetBeansProjects/Insigth/src/br/com/camada/view/TelaRespostaCorreta.java</file>
            <file>file:/C:/Users/gabri/OneDrive/Documentos/NetBeansProjects/Insigth/src/br/com/camada/DAO/UsuarioDAO.java</file>
            <file>file:/C:/Users/gabri/OneDrive/Documentos/NetBeansProjects/Insigth/src/br/com/camada/view/TelaQuestoes.java</file>
            <file>file:/C:/Users/gabri/OneDrive/Documentos/NetBeansProjects/Insigth/src/br/com/camada/view/TelaDeMenu.java</file>
            <file>file:/C:/Users/gabri/OneDrive/Documentos/NetBeansProjects/Insigth/src/br/com/principal/principal/insight/Insight.java</file>
        </group>
    </open-files>
</project-private>
